PAYLOAD;TIME
1605190282.5554447;1605190282.570809
1605190285.0769598;1605190285.0918808
1605190287.598488;1605190287.613441
1605190290.113916;1605190290.1255972
1605190292.633082;1605190292.6473541
