PAYLOAD;TIME
1605267012.7249913;1605267012.740841
