PAYLOAD;TIME
1605190280.2880306;1605190280.3001237
1605190282.8080592;1605190282.8241649
1605190285.3290496;1605190285.343778
1605190287.8506284;1605190287.8648922
1605190290.3649383;1605190290.3792377
