PAYLOAD;TIME
1605267013.9900293;1605267014.0055575
