PAYLOAD;TIME
1605267014.242717;1605267014.2584858
