PAYLOAD;TIME
1604168718.729558;1604168737.5365882
