PAYLOAD;TIME
1604168717.9726207;1604168733.4663084
