PAYLOAD;TIME
1605267014.4952822;1605267014.51136
