PAYLOAD;TIME
1604168719.4869256;1604168719.501941
