PAYLOAD;TIME
1604168719.2344084;1604168719.2493465
