PAYLOAD;TIME
1605267012.471944;1605267012.4880645
