PAYLOAD;TIME
1605358436.028558;1605358436.0428789
1605358438.5510666;1605358438.5650067
1605358441.0699773;1605358441.0840006
1605358443.588848;1605358443.6030498
1605358446.110126;1605358446.1243975
