PAYLOAD;TIME
1605267013.4848642;1605267013.5021632
