PAYLOAD;TIME
1604168718.98186;1604168727.9735556
