PAYLOAD;TIME
1605267013.2288485;1605267013.2410107
