PAYLOAD;TIME
1604168718.4774036;1604168718.492771
