PAYLOAD;TIME
1605267012.977503;1605267013.0018547
