PAYLOAD;TIME
1604168718.2250466;1604168718.2399209
