PAYLOAD;TIME
1604168719.7391527;1604168722.3559499
