PAYLOAD;TIME
1605267013.7387652;1605267013.7525916
