PAYLOAD;TIME
1604168719.9914622;1604168720.0067642
