PAYLOAD;TIME
1605358433.7613478;1605358433.7731433
1605358436.28109;1605358436.296447
1605358438.803051;1605358438.817346
1605358441.3218029;1605358441.336186
1605358443.8409414;1605358443.8552206
