PAYLOAD;TIME
1604168722.5145986;1604168729.417145
