PAYLOAD;TIME
1605267015.0006237;1605267015.015247
