PAYLOAD;TIME
1604168722.262098;1604168722.2774282
