PAYLOAD;TIME
1604168721.756865;1604168724.1371284
