PAYLOAD;TIME
1604168720.7478867;1604168720.763302
