PAYLOAD;TIME
1605267014.7478821;1605267014.7638226
