PAYLOAD;TIME
1605267016.0121987;1605267016.0285301
