PAYLOAD;TIME
1604168720.4956505;1604168720.5109098
