PAYLOAD;TIME
1605267016.5173953;1605267016.5336072
