PAYLOAD;TIME
1605267015.759472;1605267015.7759392
