PAYLOAD;TIME
1604168720.2434373;1604168720.258322
