PAYLOAD;TIME
1605267016.769905;1605267016.7856638
