PAYLOAD;TIME
1605267016.264758;1605267016.2805731
