PAYLOAD;TIME
1604168721.0000803;1604168727.2491493
