PAYLOAD;TIME
1605267015.5057845;1605267015.5236483
