PAYLOAD;TIME
1604168722.0092633;1604168724.1923978
