PAYLOAD;TIME
1605267017.0223176;1605267017.0382853
