PAYLOAD;TIME
1605190280.5391214;1605190280.5534248
1605190283.0601614;1605190283.0744538
1605190285.58089;1605190285.5950632
1605190288.10272;1605190288.1160448
1605190290.616969;1605190290.63129
