PAYLOAD;TIME
1604168721.2522311;1604168721.2672315
