PAYLOAD;TIME
1605267015.2531714;1605267015.2691345
