PAYLOAD;TIME
1605358434.01232;1605358434.0266914
1605358436.5353408;1605358436.549813
1605358439.055235;1605358439.070119
1605358441.5737913;1605358441.5885203
1605358444.0930414;1605358444.1074073
