PAYLOAD;TIME
1604168725.0385141;1604168725.053667
