PAYLOAD;TIME
1604168724.2811131;1604168726.7420118
