PAYLOAD;TIME
1605190280.7920377;1605190280.8039162
1605190283.3123624;1605190283.3265622
1605190285.833018;1605190285.8474762
1605190288.3542178;1605190288.3684175
1605190290.8689566;1605190290.8832827
