PAYLOAD;TIME
1604168723.0193741;1604168725.3205142
