PAYLOAD;TIME
1605267018.7915072;1605267018.8071544
