PAYLOAD;TIME
1605267019.044395;1605267019.0607708
