PAYLOAD;TIME
1605267019.549409;1605267019.5650218
