PAYLOAD;TIME
1604168724.029024;1604168726.1311297
