PAYLOAD;TIME
1605358434.2651176;1605358434.2768931
1605358436.7874978;1605358436.7993593
1605358439.3072536;1605358439.3216484
1605358441.826243;1605358441.8404126
1605358444.3452854;1605358444.357915
