PAYLOAD;TIME
1604168723.5245337;1604168723.5394003
