PAYLOAD;TIME
1604168724.7861443;1604168724.8014605
