PAYLOAD;TIME
1605267017.274936;1605267017.2909925
