PAYLOAD;TIME
1605267017.7807417;1605267017.7966657
