PAYLOAD;TIME
1604168722.7666883;1604168722.7816763
