PAYLOAD;TIME
1605267017.5277586;1605267017.5455644
