PAYLOAD;TIME
1604168724.5336356;1604168724.5489018
