PAYLOAD;TIME
1605267018.0333703;1605267018.0491781
