PAYLOAD;TIME
1604168723.7767024;1604168723.7927768
