PAYLOAD;TIME
1605267018.53894;1605267018.5548348
