PAYLOAD;TIME
1605267019.2968416;1605267019.3129704
