PAYLOAD;TIME
1605267018.285862;1605267018.3039818
