PAYLOAD;TIME
1604168723.2719307;1604168723.2865276
