PAYLOAD;TIME
1605267020.5598528;1605267020.5752947
