PAYLOAD;TIME
1604168726.8049977;1604168734.9598153
