PAYLOAD;TIME
1605267021.5694947;1605267021.585925
