PAYLOAD;TIME
1605267020.8118756;1605267020.8276882
