PAYLOAD;TIME
1604168726.5521877;1604168728.761556
