PAYLOAD;TIME
1605267022.0744383;1605267022.0904357
