PAYLOAD;TIME
1605190281.043126;1605190281.0585527
1605190283.5644543;1605190283.5788062
1605190286.085459;1605190286.100784
1605190288.6062064;1605190288.6187236
1605190291.1208932;1605190291.135278
