PAYLOAD;TIME
1604168725.7946033;1604168728.651073
