PAYLOAD;TIME
1604168727.0559223;1604168727.0704823
