PAYLOAD;TIME
1605267021.0643036;1605267021.0798106
