PAYLOAD;TIME
1604168725.2911808;1604168727.3964708
