PAYLOAD;TIME
1604168727.3081577;1604168729.3460302
