PAYLOAD;TIME
1605358434.516123;1605358434.5317926
1605358437.0384784;1605358437.053256
1605358439.559184;1605358439.5733805
1605358442.078471;1605358442.0928304
1605358444.5971203;1605358444.6113234
