PAYLOAD;TIME
1605267020.3071268;1605267020.3233838
