PAYLOAD;TIME
1604168725.542196;1604168728.2811062
