PAYLOAD;TIME
1604168726.047373;1604168726.063353
