PAYLOAD;TIME
1605267020.0546005;1605267020.070781
