PAYLOAD;TIME
1604168727.5600448;1604168727.5744126
