PAYLOAD;TIME
1605267019.8018274;1605267019.8175416
