PAYLOAD;TIME
1605267021.317013;1605267021.3331404
