PAYLOAD;TIME
1605267021.821833;1605267021.8386245
