PAYLOAD;TIME
1604168727.8121214;1604168727.8269107
