PAYLOAD;TIME
1605358434.7687209;1605358434.7803617
1605358437.2906597;1605358437.305535
1605358439.811161;1605358439.8254578
1605358442.3303506;1605358442.3430884
1605358444.8493283;1605358444.863568
