PAYLOAD;TIME
1605190281.2958217;1605190281.3073668
1605190283.8166976;1605190283.8310065
1605190286.3378577;1605190286.3523192
1605190288.8573196;1605190288.8714623
1605190291.372833;1605190291.3871012
