PAYLOAD;TIME
1605267022.3267243;1605267022.3425965
