PAYLOAD;TIME
1605358435.019722;1605358435.0355728
1605358437.5427413;1605358437.5568633
1605358440.0633135;1605358440.0757365
1605358442.5818624;1605358442.59637
1605358445.1015022;1605358445.11576
