PAYLOAD;TIME
1605190281.5468256;1605190281.5612962
1605190284.0686266;1605190284.082828
1605190286.5899644;1605190286.6046164
1605190289.1091256;1605190289.1211903
1605190291.6248844;1605190291.6393952
