PAYLOAD;TIME
1605358435.2722843;1605358435.2839468
1605358437.7948203;1605358437.8089557
1605358440.3145404;1605358440.3296971
1605358442.8339598;1605358442.8470507
1605358445.353776;1605358445.369129
