PAYLOAD;TIME
1605190281.7993872;1605190281.8112013
1605190284.3208199;1605190284.3351443
1605190286.8421037;1605190286.856282
1605190289.3600736;1605190289.3744013
1605190291.8771417;1605190291.8913875
