PAYLOAD;TIME
1605190282.050432;1605190282.065144
1605190284.5730023;1605190284.5875623
1605190287.0942178;1605190287.1096013
1605190289.612149;1605190289.6236758
1605190292.1289332;1605190292.143208
