PAYLOAD;TIME
1605358435.5232685;1605358435.5376403
1605358438.0468874;1605358438.061641
1605358440.5666552;1605358440.5785525
1605358443.0855315;1605358443.0996974
1605358445.6058817;1605358445.619921
