PAYLOAD;TIME
1605358435.7759;1605358435.7902572
1605358438.2989867;1605358438.3135393
1605358440.8177106;1605358440.8317919
1605358443.337659;1605358443.3494098
1605358445.858046;1605358445.8722289
