PAYLOAD;TIME
1605190282.3029504;1605190282.3173904
1605190284.8251016;1605190284.839751
1605190287.3463683;1605190287.3605406
1605190289.8631027;1605190289.8749545
1605190292.3808951;1605190292.3955212
