SENDTIME;RCVTIME
SUB;1605701446.4433477
SUB;1605701470.0757716
NOT FOUND;1605701470.0911076
SUB;1605701487.0574386
Subscribed;1605701487.0728111
<topic>;ct=0;1605701497.513588
<topic>;ct=0;1605701497.6475663
<topic>;ct=0;1605701497.7703109
<topic>;ct=0;1605701497.9003255
<topic>;ct=0;1605701498.0305958
<topic>;ct=0;1605701498.2853673
<topic>;ct=0;1605701498.4392037
<topic>;ct=0;1605701498.5487826
<topic>;ct=0;1605701498.6862
<topic>;ct=0;1605701498.8034706
<topic>;ct=0;1605701499.0614643
<topic>;ct=0;1605701499.184121
<topic>;ct=0;1605701499.5894182
<topic>;ct=0;1605701499.965174
<topic>;ct=0;1605701500.335467
<topic>;ct=0;1605701500.6585398
Deleted;1605701501.5824878
SUB;1605702070.0913424
