SENDTIME;RCVTIME
SUB;1605701446.14533
SUB;1605701469.7793095
NOT FOUND;1605701469.7912018
SUB;1605701486.7587426
Subscribed;1605701486.7704687
<topic>;ct=0;1605701497.4927325
<topic>;ct=0;1605701497.6422162
<topic>;ct=0;1605701497.7530649
<topic>;ct=0;1605701497.8868172
<topic>;ct=0;1605701498.0162854
<topic>;ct=0;1605701498.2679298
<topic>;ct=0;1605701498.4218936
<topic>;ct=0;1605701498.5327983
<topic>;ct=0;1605701498.6686335
<topic>;ct=0;1605701498.7867506
<topic>;ct=0;1605701499.0452874
<topic>;ct=0;1605701499.167973
<topic>;ct=0;1605701499.5849774
<topic>;ct=0;1605701499.9596064
<topic>;ct=0;1605701500.3320832
<topic>;ct=0;1605701500.6553903
Deleted;1605701501.565363
SUB;1605702069.7935724
