SENDTIME;RCVTIME
SUB;1605701446.1766753
SUB;1605701469.8113627
NOT FOUND;1605701469.826502
SUB;1605701486.7898977
Subscribed;1605701486.8025115
<topic>;ct=0;1605701497.4948103
<topic>;ct=0;1605701497.6329844
<topic>;ct=0;1605701497.7548609
<topic>;ct=0;1605701497.8900948
<topic>;ct=0;1605701498.0224702
<topic>;ct=0;1605701498.2727098
<topic>;ct=0;1605701498.4233456
<topic>;ct=0;1605701498.5347917
<topic>;ct=0;1605701498.6697683
<topic>;ct=0;1605701498.7883282
<topic>;ct=0;1605701499.0478692
<topic>;ct=0;1605701499.1706278
<topic>;ct=0;1605701499.5835238
<topic>;ct=0;1605701499.960336
<topic>;ct=0;1605701500.3330083
<topic>;ct=0;1605701500.6559095
Deleted;1605701501.5684943
SUB;1605702069.8247712
