SENDTIME;RCVTIME
SUB;1604168706.064188
A;1604168706.0796251
1604168716.2065625;1604168716.220546
1604168718.2250466;1604168718.2562666
1604168718.4774036;1604168718.503457
1604168719.4869256;1604168719.5199537
1604168719.9914622;1604168720.0342917
1604168720.7478867;1604168720.7818582
1604168722.0092633;1604168722.0252428
1604168722.7666883;1604168722.8060608
1604168723.2719307;1604168723.2912643
1604168723.5245337;1604168723.5487428
1604168723.7767024;1604168723.80622
1604168721.5046825;1604168723.8547907
1604168721.756865;1604168724.1355333
1604168724.2811131;1604168724.313352
1604168724.5336356;1604168724.56868
1604168724.7861443;1604168724.8133876
1604168723.0193741;1604168725.324208
1604168725.542196;1604168725.5782466
1604168725.7946033;1604168725.8320327
1604168726.047373;1604168726.0677779
1604168724.029024;1604168726.132486
1604168726.29994;1604168726.3333325
1604168718.729558;1604168726.7975082
1604168727.0559223;1604168727.0722628
1604168727.3081577;1604168727.3356123
1604168727.5600448;1604168727.576546
1604168727.8121214;1604168727.8255584
1604168718.98186;1604168727.9885097
1604168726.5521877;1604168728.7613733
1604168722.5145986;1604168729.4204667
1604168726.8049977;1604168729.560642
