SENDTIME;RCVTIME
SUB;1605701446.2080016
SUB;1605701469.844157
NOT FOUND;1605701469.8560345
SUB;1605701486.8218937
Subscribed;1605701486.8373532
<topic>;ct=0;1605701497.4986517
<topic>;ct=0;1605701497.6408644
<topic>;ct=0;1605701497.7589874
<topic>;ct=0;1605701497.889514
<topic>;ct=0;1605701498.0208132
<topic>;ct=0;1605701498.281856
<topic>;ct=0;1605701498.4309642
<topic>;ct=0;1605701498.538478
<topic>;ct=0;1605701498.6754248
<topic>;ct=0;1605701498.7954338
<topic>;ct=0;1605701499.0503755
<topic>;ct=0;1605701499.171186
<topic>;ct=0;1605701499.5867343
<topic>;ct=0;1605701499.9640129
<topic>;ct=0;1605701500.3329556
<topic>;ct=0;1605701500.6562042
Deleted;1605701501.5689566
SUB;1605702069.8559675
