SENDTIME;RCVTIME
SUB;1604168706.7234156
A;1604168706.7381635
1604168715.4525378;1604168715.4705737
1604168716.458686;1604168716.4745088
1604168717.7199745;1604168717.7399693
1604168717.9726207;1604168718.0088663
1604168719.2344084;1604168719.2795634
1604168717.2151258;1604168719.3604562
1604168719.4869256;1604168719.5583253
1604168717.4675283;1604168719.587571
1604168716.9623287;1604168719.894741
1604168719.9914622;1604168720.044226
1604168720.2434373;1604168720.2844715
1604168720.4956505;1604168720.5386548
1604168721.0000803;1604168721.018434
1604168721.2522311;1604168721.3090804
1604168722.0092633;1604168722.0306816
1604168722.262098;1604168722.307006
1604168722.7666883;1604168722.8081481
1604168723.2719307;1604168723.292805
1604168723.7767024;1604168723.8189201
1604168721.5046825;1604168723.85326
1604168721.756865;1604168724.1428561
1604168724.5336356;1604168724.5753734
1604168724.7861443;1604168724.8223495
1604168725.542196;1604168725.5927014
1604168725.7946033;1604168725.84144
1604168724.029024;1604168726.1330402
1604168726.29994;1604168726.3426762
1604168727.0559223;1604168727.0794108
1604168727.3081577;1604168727.3520234
1604168727.5600448;1604168727.5813494
1604168727.8121214;1604168727.8322535
1604168718.98186;1604168728.0063016
1604168726.8049977;1604168729.5664403
