SENDTIME;RCVTIME
SUB;1605701446.2404077
SUB;1605701469.8757005
NOT FOUND;1605701469.8882842
SUB;1605701486.8555777
Subscribed;1605701486.8710375
<topic>;ct=0;1605701497.500606
<topic>;ct=0;1605701497.641953
<topic>;ct=0;1605701497.7669406
<topic>;ct=0;1605701497.8918526
<topic>;ct=0;1605701498.0262284
<topic>;ct=0;1605701498.2773724
<topic>;ct=0;1605701498.4308074
<topic>;ct=0;1605701498.542111
<topic>;ct=0;1605701498.6747806
<topic>;ct=0;1605701498.7997618
<topic>;ct=0;1605701499.0569153
<topic>;ct=0;1605701499.182774
<topic>;ct=0;1605701499.5862596
<topic>;ct=0;1605701499.9657238
<topic>;ct=0;1605701500.3342538
<topic>;ct=0;1605701500.6585128
Deleted;1605701501.5759912
SUB;1605702069.8883812
