SENDTIME;RCVTIME
SUB;1605701446.2739275
SUB;1605701469.9079945
NOT FOUND;1605701469.9232569
SUB;1605701486.888968
Subscribed;1605701486.9041886
<topic>;ct=0;1605701497.5050907
<topic>;ct=0;1605701497.6397722
<topic>;ct=0;1605701497.7680078
<topic>;ct=0;1605701497.8987558
<topic>;ct=0;1605701498.028275
<topic>;ct=0;1605701498.2757828
<topic>;ct=0;1605701498.4372563
<topic>;ct=0;1605701498.5428216
<topic>;ct=0;1605701498.6780581
<topic>;ct=0;1605701498.7999272
<topic>;ct=0;1605701499.059514
<topic>;ct=0;1605701499.178042
<topic>;ct=0;1605701499.585151
<topic>;ct=0;1605701499.9633567
<topic>;ct=0;1605701500.3355892
<topic>;ct=0;1605701500.6584346
Deleted;1605701501.5793169
SUB;1605702069.9219456
