SENDTIME;RCVTIME
SUB;1604168707.2526193
A;1604168707.2676675
1604168716.2065625;1604168716.2371068
1604168716.458686;1604168716.4818614
1604168717.9726207;1604168718.0147877
1604168718.2250466;1604168718.2741685
1604168718.4774036;1604168718.5322871
1604168716.709844;1604168719.3328748
1604168719.4869256;1604168719.5832574
1604168717.4675283;1604168719.5986466
1604168716.9623287;1604168719.8990686
1604168719.9914622;1604168720.042579
1604168720.2434373;1604168720.2910335
1604168720.4956505;1604168720.5489848
1604168721.2522311;1604168721.3119116
1604168722.0092633;1604168722.0396004
1604168722.262098;1604168722.3124325
1604168719.7391527;1604168722.3668444
1604168715.9555705;1604168722.6221292
1604168722.7666883;1604168722.8198674
1604168723.5245337;1604168723.5613084
1604168721.5046825;1604168723.85905
1604168721.756865;1604168724.1473098
1604168724.2811131;1604168724.338661
1604168725.0385141;1604168725.0940886
1604168725.2911808;1604168725.3129253
1604168723.0193741;1604168725.3405306
1604168725.542196;1604168725.5955796
1604168725.7946033;1604168725.8464048
1604168726.047373;1604168726.0802252
1604168724.029024;1604168726.147461
1604168718.729558;1604168726.8106148
1604168727.0559223;1604168727.0823877
1604168727.5600448;1604168727.5905128
1604168718.98186;1604168728.0110242
1604168722.5145986;1604168729.4263432
1604168726.8049977;1604168729.5732467
