SENDTIME;RCVTIME
SUB;1604168707.4181147
A;1604168707.4331257
