SENDTIME;RCVTIME
SUB;1605701446.3077135
SUB;1605701469.9414325
NOT FOUND;1605701469.957099
SUB;1605701486.9228954
Subscribed;1605701486.9381816
<topic>;ct=0;1605701497.5044227
<topic>;ct=0;1605701497.6441433
<topic>;ct=0;1605701497.7623105
<topic>;ct=0;1605701497.8964627
<topic>;ct=0;1605701498.0337226
<topic>;ct=0;1605701498.278141
<topic>;ct=0;1605701498.4278824
<topic>;ct=0;1605701498.5508761
<topic>;ct=0;1605701498.6839364
<topic>;ct=0;1605701498.7952893
<topic>;ct=0;1605701499.0512402
<topic>;ct=0;1605701499.1838048
<topic>;ct=0;1605701499.5878189
<topic>;ct=0;1605701499.9653296
<topic>;ct=0;1605701500.3352995
<topic>;ct=0;1605701500.659268
Deleted;1605701501.5816033
SUB;1605702069.9555743
