SENDTIME;RCVTIME
SUB;1605701446.342052
SUB;1605701469.9752815
NOT FOUND;1605701469.99062
SUB;1605701486.9565156
Subscribed;1605701486.9721386
<topic>;ct=0;1605701497.5109222
<topic>;ct=0;1605701497.6405609
<topic>;ct=0;1605701497.7629914
<topic>;ct=0;1605701497.9044
<topic>;ct=0;1605701498.0343065
<topic>;ct=0;1605701498.2842498
<topic>;ct=0;1605701498.4324863
<topic>;ct=0;1605701498.546405
<topic>;ct=0;1605701498.685311
<topic>;ct=0;1605701498.8030453
<topic>;ct=0;1605701499.058444
<topic>;ct=0;1605701499.1791804
<topic>;ct=0;1605701499.5871365
<topic>;ct=0;1605701499.965246
<topic>;ct=0;1605701500.3360825
<topic>;ct=0;1605701500.6583424
Deleted;1605701501.5800047
SUB;1605702069.989918
