SENDTIME;RCVTIME
SUB;1605358424.1352928
A;1605358424.1511164
1605358433.7613478;1605358433.766183
1605358434.01232;1605358434.0243855
1605358434.2651176;1605358434.2726161
1605358434.516123;1605358434.532178
1605358434.7687209;1605358434.772339
1605358435.019722;1605358435.0387847
1605358435.2722843;1605358435.2769597
1605358435.5232685;1605358435.5325572
1605358435.7759;1605358435.7887783
1605358436.028558;1605358436.0401914
1605358436.28109;1605358436.2984407
1605358436.5353408;1605358436.5462334
1605358436.7874978;1605358436.7932918
1605358437.0384784;1605358437.0543725
1605358437.2906597;1605358437.307705
1605358437.5427413;1605358437.5536969
1605358437.7948203;1605358437.8058393
1605358438.0468874;1605358438.0601811
1605358438.2989867;1605358438.3113103
1605358438.5510666;1605358438.5611215
1605358438.803051;1605358438.8137677
1605358439.055235;1605358439.0703313
1605358439.3072536;1605358439.3182385
1605358439.559184;1605358439.5709195
1605358439.811161;1605358439.8229332
1605358440.0633135;1605358440.0726798
1605358440.3145404;1605358440.3372738
1605358440.5666552;1605358440.573847
1605358440.8177106;1605358440.8304842
1605358441.0699773;1605358441.0857944
1605358441.3218029;1605358441.3331149
1605358441.5737913;1605358441.582162
1605358441.826243;1605358441.8374896
1605358442.078471;1605358442.0878785
1605358442.3303506;1605358442.3386421
1605358442.5818624;1605358442.59378
1605358442.8339598;1605358442.8460553
1605358443.0855315;1605358443.0976343
1605358443.337659;1605358443.343933
1605358443.588848;1605358443.6013975
1605358443.8409414;1605358443.8517227
1605358444.0930414;1605358444.1041014
1605358444.3452854;1605358444.3515744
1605358444.5971203;1605358444.607388
1605358444.8493283;1605358444.860407
1605358445.1015022;1605358445.114248
1605358445.353776;1605358445.372853
1605358445.6058817;1605358445.6173534
1605358445.858046;1605358445.8690832
1605358446.110126;1605358446.122797
