SENDTIME;RCVTIME
SUB;1605701446.3759408
SUB;1605701470.00885
NOT FOUND;1605701470.0240247
SUB;1605701486.9900541
Subscribed;1605701487.005453
<topic>;ct=0;1605701497.508833
<topic>;ct=0;1605701497.644577
<topic>;ct=0;1605701497.7649665
<topic>;ct=0;1605701497.9039464
<topic>;ct=0;1605701498.0352771
<topic>;ct=0;1605701498.2871375
<topic>;ct=0;1605701498.438256
<topic>;ct=0;1605701498.5489168
<topic>;ct=0;1605701498.6812305
<topic>;ct=0;1605701498.802331
<topic>;ct=0;1605701499.0541537
<topic>;ct=0;1605701499.1858683
<topic>;ct=0;1605701499.5889359
<topic>;ct=0;1605701499.9644225
<topic>;ct=0;1605701500.3353553
<topic>;ct=0;1605701500.6593707
Deleted;1605701501.579504
SUB;1605702070.0240293
