SENDTIME;RCVTIME
SUB;1605358424.168662
A;1605358424.1841211
1605358433.7613478;1605358433.767129
1605358434.01232;1605358434.0239456
1605358434.2651176;1605358434.2703233
1605358434.516123;1605358434.5348883
1605358434.7687209;1605358434.7741425
1605358435.019722;1605358435.037119
1605358435.2722843;1605358435.2768447
1605358435.5232685;1605358435.534204
1605358435.7759;1605358435.787588
1605358436.028558;1605358436.0415845
1605358436.28109;1605358436.3008049
1605358436.5353408;1605358436.5487158
1605358436.7874978;1605358436.7938368
1605358437.0384784;1605358437.0590909
1605358437.2906597;1605358437.3128245
1605358437.5427413;1605358437.5544028
1605358437.7948203;1605358437.8066714
1605358438.0468874;1605358438.0661647
1605358438.2989867;1605358438.3111022
1605358438.5510666;1605358438.5616064
1605358438.803051;1605358438.8126736
1605358439.055235;1605358439.07368
1605358439.3072536;1605358439.3176835
1605358439.559184;1605358439.5720456
1605358439.811161;1605358439.8239121
1605358440.0633135;1605358440.0729494
1605358440.3145404;1605358440.3345194
1605358440.5666552;1605358440.5731246
1605358440.8177106;1605358440.830063
1605358441.0699773;1605358441.0873992
1605358441.3218029;1605358441.3322744
1605358441.5737913;1605358441.5837748
1605358441.826243;1605358441.8367772
1605358442.078471;1605358442.0900278
1605358442.3303506;1605358442.338923
1605358442.5818624;1605358442.595082
1605358442.8339598;1605358442.845031
1605358443.0855315;1605358443.0976868
1605358443.337659;1605358443.3431525
1605358443.588848;1605358443.600657
1605358443.8409414;1605358443.8513777
1605358444.0930414;1605358444.104794
1605358444.3452854;1605358444.3522272
1605358444.5971203;1605358444.607411
1605358444.8493283;1605358444.8601348
1605358445.1015022;1605358445.1145794
1605358445.353776;1605358445.372038
1605358445.6058817;1605358445.6170428
1605358445.858046;1605358445.8680482
1605358446.110126;1605358446.1225398
