SENDTIME;RCVTIME
SUB;1605701446.4098115
SUB;1605701470.0422113
NOT FOUND;1605701470.0575125
SUB;1605701487.0239823
Subscribed;1605701487.0391834
<topic>;ct=0;1605701497.5118246
<topic>;ct=0;1605701497.645974
<topic>;ct=0;1605701497.76761
<topic>;ct=0;1605701497.902268
<topic>;ct=0;1605701498.029829
<topic>;ct=0;1605701498.2835834
<topic>;ct=0;1605701498.4360378
<topic>;ct=0;1605701498.547887
<topic>;ct=0;1605701498.6837876
<topic>;ct=0;1605701498.8050346
<topic>;ct=0;1605701499.0622685
<topic>;ct=0;1605701499.177536
<topic>;ct=0;1605701499.588111
<topic>;ct=0;1605701499.963072
<topic>;ct=0;1605701500.3358061
<topic>;ct=0;1605701500.6590722
Deleted;1605701501.5791621
SUB;1605702070.0578616
