PAYLOAD;TIME
1604089162.043161;1604089162.2456179
