PAYLOAD;TIME
1604089162.2934544;1604089162.49489
