PAYLOAD;TIME
1604089163.5454507;1604089163.7482316
