PAYLOAD;TIME
1604089161.7927592;1604089161.995207
