PAYLOAD;TIME
1604089162.7942333;1604089162.9956703
