PAYLOAD;TIME
1604089163.0446086;1604089163.2461905
