PAYLOAD;TIME
1604089163.294985;1604089163.4965322
