PAYLOAD;TIME
1604089163.7959363;1604089163.9975703
