PAYLOAD;TIME
1604089164.0462127;1604089164.2487388
