PAYLOAD;TIME
1604089162.543864;1604089162.745496
