PAYLOAD;TIME
1604089164.5470073;1604089164.748697
