PAYLOAD;TIME
1604089165.5483167;1604089165.749831
