PAYLOAD;TIME
1604089165.79868;1604089166.000115
