PAYLOAD;TIME
1604089166.2992473;1604089166.500669
