PAYLOAD;TIME
1604089164.7973979;1604089164.9988465
