PAYLOAD;TIME
1604089165.0477586;1604089165.2491336
