PAYLOAD;TIME
1604089165.298132;1604089165.4994903
