PAYLOAD;TIME
1604089166.5496855;1604089166.751193
