PAYLOAD;TIME
1604089166.04899;1604089166.2511852
