PAYLOAD;TIME
1604089164.2964554;1604089164.4980314
