PAYLOAD;TIME
1604089166.8000822;1604089167.001558
