PAYLOAD;TIME
1604089160.7913089;1604089160.9938593
