PAYLOAD;TIME
1604089161.0416043;1604089161.243092
