PAYLOAD;TIME
1604089161.2919402;1604089161.4941552
