PAYLOAD;TIME
1604089161.5422273;1604089161.7438128
