SENDTIME;RCVTIME
SUB;1604089149.1789572
SUBACK;1604089149.3798184
1604089159.5393143;1604089159.547959
1604089159.7899528;1604089159.802249
1604089160.040291;1604089160.0532942
1604089160.2905893;1604089160.3110764
1604089160.5409806;1604089160.5485961
1604089160.7913089;1604089160.8082726
1604089161.0416043;1604089161.0486512
1604089161.2919402;1604089161.300992
1604089161.5422273;1604089161.5497515
1604089161.7927592;1604089161.80153
1604089162.043161;1604089162.052651
1604089162.2934544;1604089162.2980819
1604089162.543864;1604089162.5520692
1604089162.7942333;1604089162.8139966
1604089163.0446086;1604089163.0548398
1604089163.294985;1604089163.3015242
1604089163.5454507;1604089163.5568194
1604089163.7959363;1604089163.8107018
1604089164.0462127;1604089164.05439
1604089164.2964554;1604089164.3034222
1604089164.5470073;1604089164.5518556
1604089164.7973979;1604089164.8055096
1604089165.0477586;1604089165.0534444
1604089165.298132;1604089165.3034942
1604089165.5483167;1604089165.5524268
1604089165.79868;1604089165.8018842
1604089166.04899;1604089166.05884
1604089166.2992473;1604089166.3053083
1604089166.5496855;1604089166.5563135
1604089166.8000822;1604089166.8063786
1604089167.0503068;1604089167.0592964
