SENDTIME;RCVTIME
SUB;1604089149.5552723
SUBACK;1604089149.755905
1604089159.5393143;1604089159.5502357
1604089159.7899528;1604089159.8005583
1604089160.040291;1604089160.0490398
1604089160.2905893;1604089160.299257
1604089160.5409806;1604089160.5575995
1604089160.7913089;1604089160.7965198
1604089161.0416043;1604089161.0457315
1604089161.2919402;1604089161.2984822
1604089161.5422273;1604089161.5547907
1604089161.7927592;1604089161.8056717
1604089162.043161;1604089162.0512176
1604089162.2934544;1604089162.305364
1604089162.543864;1604089162.5515954
1604089162.7942333;1604089162.8120635
1604089163.0446086;1604089163.054759
1604089163.294985;1604089163.30318
1604089163.5454507;1604089163.554236
1604089163.7959363;1604089163.811516
1604089164.0462127;1604089164.0537648
1604089164.2964554;1604089164.3149962
1604089164.5470073;1604089164.557697
1604089164.7973979;1604089164.812841
1604089165.0477586;1604089165.0558553
1604089165.298132;1604089165.3062668
1604089165.5483167;1604089165.553841
1604089165.79868;1604089165.8001342
1604089166.04899;1604089166.0560753
1604089166.2992473;1604089166.306865
1604089166.5496855;1604089166.5620692
1604089166.8000822;1604089166.8041832
1604089167.0503068;1604089167.0563889
