SENDTIME;RCVTIME
SUB;1604089149.2886727
SUBACK;1604089149.4917002
1604089159.5393143;1604089159.5602124
1604089159.7899528;1604089159.807523
1604089160.040291;1604089160.060432
1604089160.2905893;1604089160.306392
1604089160.5409806;1604089160.5488112
1604089160.7913089;1604089160.8058724
1604089161.0416043;1604089161.0509627
1604089161.2919402;1604089161.298281
1604089161.5422273;1604089161.548939
1604089161.7927592;1604089161.8023653
1604089162.043161;1604089162.0556998
1604089162.2934544;1604089162.3044116
1604089162.543864;1604089162.5530767
1604089162.7942333;1604089162.8113244
1604089163.0446086;1604089163.0493646
1604089163.294985;1604089163.3024852
1604089163.5454507;1604089163.5574245
1604089163.7959363;1604089163.8019266
1604089164.0462127;1604089164.0565102
1604089164.2964554;1604089164.3009086
1604089164.5470073;1604089164.5616739
1604089164.7973979;1604089164.8062422
1604089165.0477586;1604089165.054421
1604089165.298132;1604089165.3087032
1604089165.5483167;1604089165.553372
1604089165.79868;1604089165.8033082
1604089166.04899;1604089166.0551057
1604089166.2992473;1604089166.303589
1604089166.5496855;1604089166.5537782
1604089166.8000822;1604089166.8055465
1604089167.0503068;1604089167.057385
