SENDTIME;RCVTIME
SUB;1604089154.0511663
SUBACK;1604089154.257962
1604089159.5393143;1604089159.5541089
1604089159.7899528;1604089159.804284
1604089160.040291;1604089160.0472572
1604089160.2905893;1604089160.3041196
1604089160.5409806;1604089160.552444
1604089160.7913089;1604089160.8020437
1604089161.0416043;1604089161.050246
1604089161.2919402;1604089161.3039906
1604089161.5422273;1604089161.556069
1604089161.7927592;1604089161.799874
1604089162.043161;1604089162.057115
1604089162.2934544;1604089162.3018036
1604089162.543864;1604089162.552722
1604089162.7942333;1604089162.8026783
1604089163.0446086;1604089163.0502825
1604089163.294985;1604089163.30287
1604089163.5454507;1604089163.5584898
1604089163.7959363;1604089163.8104804
1604089164.0462127;1604089164.0546813
1604089164.2964554;1604089164.304615
1604089164.5470073;1604089164.5725079
1604089164.7973979;1604089164.8032584
1604089165.0477586;1604089165.0581508
1604089165.298132;1604089165.3147383
1604089165.5483167;1604089165.5619462
1604089165.79868;1604089165.8051221
1604089166.04899;1604089166.0542917
1604089166.2992473;1604089166.304932
1604089166.5496855;1604089166.5599554
1604089166.8000822;1604089166.808801
1604089167.0503068;1604089167.055974
