SENDTIME;RCVTIME
SUB;1604089149.2321544
SUBACK;1604089149.4355676
1604089159.5393143;1604089159.569832
1604089159.7899528;1604089159.8001199
1604089160.040291;1604089160.054767
1604089160.2905893;1604089160.3049986
1604089160.5409806;1604089160.5501044
1604089160.7913089;1604089160.8094447
1604089161.0416043;1604089161.0510638
1604089161.2919402;1604089161.3064213
1604089161.5422273;1604089161.5541787
1604089161.7927592;1604089161.7986293
1604089162.043161;1604089162.0478919
1604089162.2934544;1604089162.3067217
1604089162.543864;1604089162.551426
1604089162.7942333;1604089162.8118956
1604089163.0446086;1604089163.0545616
1604089163.294985;1604089163.3051085
1604089163.5454507;1604089163.5586524
1604089163.7959363;1604089163.8038383
1604089164.0462127;1604089164.0544488
1604089164.2964554;1604089164.3024423
1604089164.5470073;1604089164.5547612
1604089164.7973979;1604089164.8157318
1604089165.0477586;1604089165.060426
1604089165.298132;1604089165.3043122
1604089165.5483167;1604089165.5593145
1604089165.79868;1604089165.8079534
1604089166.04899;1604089166.0683563
1604089166.2992473;1604089166.3052735
1604089166.5496855;1604089166.5601292
1604089166.8000822;1604089166.8085349
1604089167.0503068;1604089167.0570245
