SENDTIME;RCVTIME
SUB;1604089150.1829457
SUBACK;1604089150.3843436
1604089159.5393143;1604089159.5505154
1604089159.7899528;1604089159.800623
1604089160.040291;1604089160.0508378
1604089160.2905893;1604089160.3008938
1604089160.5409806;1604089160.552136
1604089160.7913089;1604089160.7971113
1604089161.0416043;1604089161.0460296
1604089161.2919402;1604089161.298699
1604089161.5422273;1604089161.5538523
1604089161.7927592;1604089161.8053849
1604089162.043161;1604089162.0508437
1604089162.2934544;1604089162.3044465
1604089162.543864;1604089162.5564516
1604089162.7942333;1604089162.8039236
1604089163.0446086;1604089163.0513744
1604089163.294985;1604089163.3124592
1604089163.5454507;1604089163.553358
1604089163.7959363;1604089163.8084779
1604089164.0462127;1604089164.0602462
1604089164.2964554;1604089164.3069918
1604089164.5470073;1604089164.552799
1604089164.7973979;1604089164.8039217
1604089165.0477586;1604089165.055657
1604089165.298132;1604089165.3065124
1604089165.5483167;1604089165.5528991
1604089165.79868;1604089165.8034794
1604089166.04899;1604089166.0554817
1604089166.2992473;1604089166.3084524
1604089166.5496855;1604089166.5669513
1604089166.8000822;1604089166.805848
1604089167.0503068;1604089167.0581686
