SENDTIME;RCVTIME
SUB;1604089150.1306376
SUBACK;1604089150.332012
1604089159.5393143;1604089159.5470576
1604089159.7899528;1604089159.8066828
1604089160.040291;1604089160.0517793
1604089160.2905893;1604089160.3024879
1604089160.5409806;1604089160.565903
1604089160.7913089;1604089160.8002176
1604089161.0416043;1604089161.0575736
1604089161.2919402;1604089161.299092
1604089161.5422273;1604089161.5498025
1604089161.7927592;1604089161.7984974
1604089162.043161;1604089162.050484
1604089162.2934544;1604089162.3042529
1604089162.543864;1604089162.5581453
1604089162.7942333;1604089162.8019512
1604089163.0446086;1604089163.0586286
1604089163.294985;1604089163.3066828
1604089163.5454507;1604089163.5540128
1604089163.7959363;1604089163.8055525
1604089164.0462127;1604089164.0529292
1604089164.2964554;1604089164.3014534
1604089164.5470073;1604089164.5558748
1604089164.7973979;1604089164.8064642
1604089165.0477586;1604089165.054721
1604089165.298132;1604089165.3021965
1604089165.5483167;1604089165.557104
1604089165.79868;1604089165.8130395
1604089166.04899;1604089166.0555818
1604089166.2992473;1604089166.3060577
1604089166.5496855;1604089166.5571468
1604089166.8000822;1604089166.8055894
1604089167.0503068;1604089167.0589442
