SENDTIME;RCVTIME
SUB;1604089150.028653
SUBACK;1604089150.2305906
1604089159.5393143;1604089159.5497565
1604089159.7899528;1604089159.8056026
1604089160.040291;1604089160.0542126
1604089160.2905893;1604089160.3136077
1604089160.5409806;1604089160.550919
1604089160.7913089;1604089160.8060718
1604089161.0416043;1604089161.0618157
1604089161.2919402;1604089161.2963054
1604089161.5422273;1604089161.5525799
1604089161.7927592;1604089161.79834
1604089162.043161;1604089162.0535161
1604089162.2934544;1604089162.2966452
1604089162.543864;1604089162.5512745
1604089162.7942333;1604089162.8006709
1604089163.0446086;1604089163.051744
1604089163.294985;1604089163.3002765
1604089163.5454507;1604089163.5556598
1604089163.7959363;1604089163.8044977
1604089164.0462127;1604089164.053873
1604089164.2964554;1604089164.3033586
1604089164.5470073;1604089164.5539594
1604089164.7973979;1604089164.806127
1604089165.0477586;1604089165.0551355
1604089165.298132;1604089165.3037093
1604089165.5483167;1604089165.553507
1604089165.79868;1604089165.8057706
1604089166.04899;1604089166.0557063
1604089166.2992473;1604089166.308704
1604089166.5496855;1604089166.5546186
1604089166.8000822;1604089166.808837
1604089167.0503068;1604089167.0567575
