SENDTIME;RCVTIME
SUB;1604089150.2876136
SUBACK;1604089150.489383
1604089159.5393143;1604089159.5484622
1604089159.7899528;1604089159.8007495
1604089160.040291;1604089160.0541682
1604089160.2905893;1604089160.2972956
1604089160.5409806;1604089160.5540185
1604089160.7913089;1604089160.798485
1604089161.0416043;1604089161.04785
1604089161.2919402;1604089161.3006008
1604089161.5422273;1604089161.5536754
1604089161.7927592;1604089161.810698
1604089162.043161;1604089162.056799
1604089162.2934544;1604089162.298412
1604089162.543864;1604089162.551829
1604089162.7942333;1604089162.817775
1604089163.0446086;1604089163.0556898
1604089163.294985;1604089163.3033502
1604089163.5454507;1604089163.5510318
1604089163.7959363;1604089163.8017101
1604089164.0462127;1604089164.0523791
1604089164.2964554;1604089164.3028471
1604089164.5470073;1604089164.5559192
1604089164.7973979;1604089164.8103461
1604089165.0477586;1604089165.0620093
1604089165.298132;1604089165.3032897
1604089165.5483167;1604089165.5548496
1604089165.79868;1604089165.814872
1604089166.04899;1604089166.0564768
1604089166.2992473;1604089166.304848
1604089166.5496855;1604089166.554278
1604089166.8000822;1604089166.808881
1604089167.0503068;1604089167.0564241
