SENDTIME;RCVTIME
SUB;1604089150.2356126
SUBACK;1604089150.437519
1604089159.5393143;1604089159.5611594
1604089159.7899528;1604089159.7998016
1604089160.040291;1604089160.0486424
1604089160.2905893;1604089160.2963104
1604089160.5409806;1604089160.5728865
1604089160.7913089;1604089160.8037894
1604089161.0416043;1604089161.0510333
1604089161.2919402;1604089161.2997003
1604089161.5422273;1604089161.5596912
1604089161.7927592;1604089161.80225
1604089162.043161;1604089162.0495856
1604089162.2934544;1604089162.3059058
1604089162.543864;1604089162.5490084
1604089162.7942333;1604089162.8042579
1604089163.0446086;1604089163.0547152
1604089163.294985;1604089163.3057964
1604089163.5454507;1604089163.5601199
1604089163.7959363;1604089163.8063736
1604089164.0462127;1604089164.0522184
1604089164.2964554;1604089164.3113627
1604089164.5470073;1604089164.553025
1604089164.7973979;1604089164.815405
1604089165.0477586;1604089165.0554852
1604089165.298132;1604089165.3021164
1604089165.5483167;1604089165.5584762
1604089165.79868;1604089165.8035288
1604089166.04899;1604089166.0572693
1604089166.2992473;1604089166.309776
1604089166.5496855;1604089166.5554876
1604089166.8000822;1604089166.8045177
1604089167.0503068;1604089167.0607483
