SENDTIME;RCVTIME
SUB;1604089150.4435692
SUBACK;1604089150.6453042
1604089159.5393143;1604089159.546235
1604089159.7899528;1604089159.80162
1604089160.040291;1604089160.0481575
1604089160.2905893;1604089160.3002808
1604089160.5409806;1604089160.5467808
1604089160.7913089;1604089160.8004556
1604089161.0416043;1604089161.049859
1604089161.2919402;1604089161.3067687
1604089161.5422273;1604089161.5534928
1604089161.7927592;1604089161.8014948
1604089162.043161;1604089162.0524037
1604089162.2934544;1604089162.3041801
1604089162.543864;1604089162.553198
1604089162.7942333;1604089162.800503
1604089163.0446086;1604089163.0518868
1604089163.294985;1604089163.3092313
1604089163.5454507;1604089163.560621
1604089163.7959363;1604089163.8022096
1604089164.0462127;1604089164.0513494
1604089164.2964554;1604089164.311272
1604089164.5470073;1604089164.5549867
1604089164.7973979;1604089164.802115
1604089165.0477586;1604089165.0544713
1604089165.298132;1604089165.3038807
1604089165.5483167;1604089165.5604134
1604089165.79868;1604089165.8029037
1604089166.04899;1604089166.0577528
1604089166.2992473;1604089166.308482
1604089166.5496855;1604089166.5625646
1604089166.8000822;1604089166.8050046
1604089167.0503068;1604089167.0579586
