SENDTIME;RCVTIME
SUB;1604089150.600034
SUBACK;1604089150.8024848
1604089159.5393143;1604089159.5448453
1604089159.7899528;1604089159.7982209
1604089160.040291;1604089160.0515444
1604089160.2905893;1604089160.316454
1604089160.5409806;1604089160.558259
1604089160.7913089;1604089160.803141
1604089161.0416043;1604089161.0540652
1604089161.2919402;1604089161.2968647
1604089161.5422273;1604089161.5499322
1604089161.7927592;1604089161.7976665
1604089162.043161;1604089162.049754
1604089162.2934544;1604089162.2997687
1604089162.543864;1604089162.5510676
1604089162.7942333;1604089162.8042984
1604089163.0446086;1604089163.0579226
1604089163.294985;1604089163.3019245
1604089163.5454507;1604089163.5509107
1604089163.7959363;1604089163.8067176
1604089164.0462127;1604089164.0555303
1604089164.2964554;1604089164.3060343
1604089164.5470073;1604089164.5624871
1604089164.7973979;1604089164.799337
1604089165.0477586;1604089165.059005
1604089165.298132;1604089165.3088148
1604089165.5483167;1604089165.5583782
1604089165.79868;1604089165.8054094
1604089166.04899;1604089166.0545716
1604089166.2992473;1604089166.3026052
1604089166.5496855;1604089166.5576553
1604089166.8000822;1604089166.8108587
1604089167.0503068;1604089167.0601509
