SENDTIME;RCVTIME
SUB;1604089150.9151766
SUBACK;1604089151.1174436
1604089159.5393143;1604089159.5475166
1604089159.7899528;1604089159.8065765
1604089160.040291;1604089160.049753
1604089160.2905893;1604089160.2970347
1604089160.5409806;1604089160.549008
1604089160.7913089;1604089160.799654
1604089161.0416043;1604089161.050872
1604089161.2919402;1604089161.298141
1604089161.5422273;1604089161.5546706
1604089161.7927592;1604089161.79774
1604089162.043161;1604089162.0511
1604089162.2934544;1604089162.2986705
1604089162.543864;1604089162.5585837
1604089162.7942333;1604089162.797919
1604089163.0446086;1604089163.0508504
1604089163.294985;1604089163.3004968
1604089163.5454507;1604089163.5525312
1604089163.7959363;1604089163.8038933
1604089164.0462127;1604089164.061323
1604089164.2964554;1604089164.3032627
1604089164.5470073;1604089164.562705
1604089164.7973979;1604089164.8019462
1604089165.0477586;1604089165.0610797
1604089165.298132;1604089165.3101332
1604089165.5483167;1604089165.5552738
1604089165.79868;1604089165.814169
1604089166.04899;1604089166.056508
1604089166.2992473;1604089166.3071215
1604089166.5496855;1604089166.556614
1604089166.8000822;1604089166.8046956
1604089167.0503068;1604089167.0588741
