SENDTIME;RCVTIME
SUB;1604089151.021572
SUBACK;1604089151.2241735
1604089159.5393143;1604089159.5581548
1604089159.7899528;1604089159.800023
1604089160.040291;1604089160.0506704
1604089160.2905893;1604089160.3036387
1604089160.5409806;1604089160.5503654
1604089160.7913089;1604089160.8018248
1604089161.0416043;1604089161.0484881
1604089161.2919402;1604089161.30292
1604089161.5422273;1604089161.5559008
1604089161.7927592;1604089161.8001702
1604089162.043161;1604089162.050886
1604089162.2934544;1604089162.3008955
1604089162.543864;1604089162.558988
1604089162.7942333;1604089162.8030338
1604089163.0446086;1604089163.05053
1604089163.294985;1604089163.3026383
1604089163.5454507;1604089163.5534656
1604089163.7959363;1604089163.8037033
1604089164.0462127;1604089164.052292
1604089164.2964554;1604089164.3024857
1604089164.5470073;1604089164.552933
1604089164.7973979;1604089164.8042986
1604089165.0477586;1604089165.061231
1604089165.298132;1604089165.3078022
1604089165.5483167;1604089165.557529
1604089165.79868;1604089165.809997
1604089166.04899;1604089166.0576346
1604089166.2992473;1604089166.307671
1604089166.5496855;1604089166.5551097
1604089166.8000822;1604089166.8046637
1604089167.0503068;1604089167.0582101
