SENDTIME;RCVTIME
SUB;1604089150.8120155
SUBACK;1604089151.0153642
1604089159.5393143;1604089159.5487576
1604089159.7899528;1604089159.8021479
1604089160.040291;1604089160.0477228
1604089160.2905893;1604089160.2975032
1604089160.5409806;1604089160.5523827
1604089160.7913089;1604089160.8029437
1604089161.0416043;1604089161.0483367
1604089161.2919402;1604089161.3002932
1604089161.5422273;1604089161.5470834
1604089161.7927592;1604089161.806668
1604089162.043161;1604089162.0490208
1604089162.2934544;1604089162.303474
1604089162.543864;1604089162.56306
1604089162.7942333;1604089162.8009055
1604089163.0446086;1604089163.056959
1604089163.294985;1604089163.3096611
1604089163.5454507;1604089163.5535042
1604089163.7959363;1604089163.8039806
1604089164.0462127;1604089164.0555995
1604089164.2964554;1604089164.307819
1604089164.5470073;1604089164.5528405
1604089164.7973979;1604089164.8083732
1604089165.0477586;1604089165.0588818
1604089165.298132;1604089165.3048267
1604089165.5483167;1604089165.5562224
1604089165.79868;1604089165.8080726
1604089166.04899;1604089166.0558321
1604089166.2992473;1604089166.302227
1604089166.5496855;1604089166.556552
1604089166.8000822;1604089166.8056397
1604089167.0503068;1604089167.058844
