SENDTIME;RCVTIME
SUB;1604089151.127382
SUBACK;1604089151.330571
1604089159.5393143;1604089159.5511892
1604089159.7899528;1604089159.8078625
1604089160.040291;1604089160.0440443
1604089160.2905893;1604089160.3090217
1604089160.5409806;1604089160.5611067
1604089160.7913089;1604089160.8114865
1604089161.0416043;1604089161.0534549
1604089161.2919402;1604089161.3044472
1604089161.5422273;1604089161.5475006
1604089161.7927592;1604089161.8028913
1604089162.043161;1604089162.0574596
1604089162.2934544;1604089162.3025923
1604089162.543864;1604089162.5502598
1604089162.7942333;1604089162.8062634
1604089163.0446086;1604089163.062715
1604089163.294985;1604089163.302913
1604089163.5454507;1604089163.562239
1604089163.7959363;1604089163.801402
1604089164.0462127;1604089164.0573425
1604089164.2964554;1604089164.3145027
1604089164.5470073;1604089164.5544174
1604089164.7973979;1604089164.8035357
1604089165.0477586;1604089165.0571413
1604089165.298132;1604089165.303154
1604089165.5483167;1604089165.5586305
1604089165.79868;1604089165.803728
1604089166.04899;1604089166.0532937
1604089166.2992473;1604089166.3040411
1604089166.5496855;1604089166.5566711
1604089166.8000822;1604089166.8070781
1604089167.0503068;1604089167.0577936
