SENDTIME;RCVTIME
SUB;1604089151.767709
SUBACK;1604089151.9726048
1604089159.5393143;1604089159.5518477
1604089159.7899528;1604089159.8014412
1604089160.040291;1604089160.0587242
1604089160.2905893;1604089160.306527
1604089160.5409806;1604089160.5470407
1604089160.7913089;1604089160.8017159
1604089161.0416043;1604089161.0532699
1604089161.2919402;1604089161.3015676
1604089161.5422273;1604089161.5473688
1604089161.7927592;1604089161.8053124
1604089162.043161;1604089162.0511425
1604089162.2934544;1604089162.2998962
1604089162.543864;1604089162.5515473
1604089162.7942333;1604089162.799597
1604089163.0446086;1604089163.0542202
1604089163.294985;1604089163.3112245
1604089163.5454507;1604089163.5529792
1604089163.7959363;1604089163.8088145
1604089164.0462127;1604089164.0533879
1604089164.2964554;1604089164.304178
1604089164.5470073;1604089164.558951
1604089164.7973979;1604089164.8083005
1604089165.0477586;1604089165.0535154
1604089165.298132;1604089165.3086605
1604089165.5483167;1604089165.55431
1604089165.79868;1604089165.8053067
1604089166.04899;1604089166.063753
1604089166.2992473;1604089166.305237
1604089166.5496855;1604089166.557775
1604089166.8000822;1604089166.8068295
1604089167.0503068;1604089167.0583498
