SENDTIME;RCVTIME
SUB;1604089151.2850478
SUBACK;1604089151.4882307
1604089159.5393143;1604089159.5450964
1604089159.7899528;1604089159.8011203
1604089160.040291;1604089160.0482984
1604089160.2905893;1604089160.2988489
1604089160.5409806;1604089160.5506124
1604089160.7913089;1604089160.8047488
1604089161.0416043;1604089161.0462472
1604089161.2919402;1604089161.2994077
1604089161.5422273;1604089161.5486546
1604089161.7927592;1604089161.81101
1604089162.043161;1604089162.0528643
1604089162.2934544;1604089162.298738
1604089162.543864;1604089162.562335
1604089162.7942333;1604089162.8002756
1604089163.0446086;1604089163.0497925
1604089163.294985;1604089163.3041961
1604089163.5454507;1604089163.5531135
1604089163.7959363;1604089163.8127866
1604089164.0462127;1604089164.0606492
1604089164.2964554;1604089164.3062675
1604089164.5470073;1604089164.556436
1604089164.7973979;1604089164.8036385
1604089165.0477586;1604089165.0545008
1604089165.298132;1604089165.303013
1604089165.5483167;1604089165.5542414
1604089165.79868;1604089165.8114805
1604089166.04899;1604089166.054383
1604089166.2992473;1604089166.303902
1604089166.5496855;1604089166.5567036
1604089166.8000822;1604089166.8053598
1604089167.0503068;1604089167.058271
