SENDTIME;RCVTIME
SUB;1604089151.5570607
SUBACK;1604089151.7611816
1604089159.5393143;1604089159.5546746
1604089159.7899528;1604089159.803692
1604089160.040291;1604089160.0494907
1604089160.2905893;1604089160.3055754
1604089160.5409806;1604089160.5493326
1604089160.7913089;1604089160.8162394
1604089161.0416043;1604089161.0530427
1604089161.2919402;1604089161.3008802
1604089161.5422273;1604089161.5495808
1604089161.7927592;1604089161.807084
1604089162.043161;1604089162.0553017
1604089162.2934544;1604089162.2993064
1604089162.543864;1604089162.5646756
1604089162.7942333;1604089162.805439
1604089163.0446086;1604089163.0514586
1604089163.294985;1604089163.3020883
1604089163.5454507;1604089163.5551558
1604089163.7959363;1604089163.8061895
1604089164.0462127;1604089164.0593293
1604089164.2964554;1604089164.301107
1604089164.5470073;1604089164.5521932
1604089164.7973979;1604089164.8090727
1604089165.0477586;1604089165.0526986
1604089165.298132;1604089165.302672
1604089165.5483167;1604089165.5596032
1604089165.79868;1604089165.8091252
1604089166.04899;1604089166.0550106
1604089166.2992473;1604089166.3039987
1604089166.5496855;1604089166.5568216
1604089166.8000822;1604089166.8079283
1604089167.0503068;1604089167.0590966
