SENDTIME;RCVTIME
SUB;1604089151.6107109
SUBACK;1604089151.8131886
1604089159.5393143;1604089159.5473127
1604089159.7899528;1604089159.8048778
1604089160.040291;1604089160.0462244
1604089160.2905893;1604089160.3131864
1604089160.5409806;1604089160.5507998
1604089160.7913089;1604089160.804494
1604089161.0416043;1604089161.0464
1604089161.2919402;1604089161.3000212
1604089161.5422273;1604089161.5502062
1604089161.7927592;1604089161.8026457
1604089162.043161;1604089162.0629442
1604089162.2934544;1604089162.2983117
1604089162.543864;1604089162.5500522
1604089162.7942333;1604089162.8019843
1604089163.0446086;1604089163.0517995
1604089163.294985;1604089163.3070734
1604089163.5454507;1604089163.5546744
1604089163.7959363;1604089163.804126
1604089164.0462127;1604089164.0557284
1604089164.2964554;1604089164.3114998
1604089164.5470073;1604089164.5562289
1604089164.7973979;1604089164.8064306
1604089165.0477586;1604089165.0570717
1604089165.298132;1604089165.3079624
1604089165.5483167;1604089165.5536094
1604089165.79868;1604089165.8053555
1604089166.04899;1604089166.0533948
1604089166.2992473;1604089166.3092859
1604089166.5496855;1604089166.5604746
1604089166.8000822;1604089166.8048644
1604089167.0503068;1604089167.0645838
