SENDTIME;RCVTIME
SUB;1604089151.988127
SUBACK;1604089152.1908443
1604089159.5393143;1604089159.5467858
1604089159.7899528;1604089159.8027282
1604089160.040291;1604089160.0596159
1604089160.2905893;1604089160.30707
1604089160.5409806;1604089160.5594285
1604089160.7913089;1604089160.8022351
1604089161.0416043;1604089161.0521314
1604089161.2919402;1604089161.2979972
1604089161.5422273;1604089161.5496643
1604089161.7927592;1604089161.8007445
1604089162.043161;1604089162.0669422
1604089162.2934544;1604089162.3033924
1604089162.543864;1604089162.555693
1604089162.7942333;1604089162.8015985
1604089163.0446086;1604089163.0585723
1604089163.294985;1604089163.3008866
1604089163.5454507;1604089163.557694
1604089163.7959363;1604089163.8078513
1604089164.0462127;1604089164.0608978
1604089164.2964554;1604089164.3076463
1604089164.5470073;1604089164.553313
1604089164.7973979;1604089164.8028867
1604089165.0477586;1604089165.0565634
1604089165.298132;1604089165.3063202
1604089165.5483167;1604089165.5645158
1604089165.79868;1604089165.8096197
1604089166.04899;1604089166.0556357
1604089166.2992473;1604089166.3078053
1604089166.5496855;1604089166.5605364
1604089166.8000822;1604089166.8084078
1604089167.0503068;1604089167.0622065
