SENDTIME;RCVTIME
SUB;1604089152.5371258
SUBACK;1604089152.7422588
1604089159.5393143;1604089159.545829
1604089159.7899528;1604089159.811551
1604089160.040291;1604089160.048397
1604089160.2905893;1604089160.3003514
1604089160.5409806;1604089160.5492673
1604089160.7913089;1604089160.8030708
1604089161.0416043;1604089161.0485585
1604089161.2919402;1604089161.2984204
1604089161.5422273;1604089161.5488842
1604089161.7927592;1604089161.8021836
1604089162.043161;1604089162.0517445
1604089162.2934544;1604089162.3078482
1604089162.543864;1604089162.5509512
1604089162.7942333;1604089162.8040977
1604089163.0446086;1604089163.0519512
1604089163.294985;1604089163.3087661
1604089163.5454507;1604089163.5532572
1604089163.7959363;1604089163.8150125
1604089164.0462127;1604089164.0542324
1604089164.2964554;1604089164.3050158
1604089164.5470073;1604089164.5575006
1604089164.7973979;1604089164.8055882
1604089165.0477586;1604089165.0578125
1604089165.298132;1604089165.3039339
1604089165.5483167;1604089165.5598404
1604089165.79868;1604089165.8085372
1604089166.04899;1604089166.053683
1604089166.2992473;1604089166.3033712
1604089166.5496855;1604089166.5600636
1604089166.8000822;1604089166.8097746
1604089167.0503068;1604089167.06044
