SENDTIME;RCVTIME
SUB;1604089152.6444082
SUB;1604089156.6902664
SUBACK;1604089156.9089143
1604089159.5393143;1604089159.5547996
1604089159.7899528;1604089159.809916
1604089160.040291;1604089160.0532262
1604089160.2905893;1604089160.309243
1604089160.5409806;1604089160.5532138
1604089160.7913089;1604089160.8012595
1604089161.0416043;1604089161.0564747
1604089161.2919402;1604089161.3020024
1604089161.5422273;1604089161.561758
1604089161.7927592;1604089161.7984183
1604089162.043161;1604089162.052519
1604089162.2934544;1604089162.3002732
1604089162.543864;1604089162.5571115
1604089162.7942333;1604089162.8021166
1604089163.0446086;1604089163.056064
1604089163.294985;1604089163.3106325
1604089163.5454507;1604089163.5563219
1604089163.7959363;1604089163.8074288
1604089164.0462127;1604089164.0515032
1604089164.2964554;1604089164.310909
1604089164.5470073;1604089164.5545166
1604089164.7973979;1604089164.8023832
1604089165.0477586;1604089165.056354
1604089165.298132;1604089165.305531
1604089165.5483167;1604089165.564114
1604089165.79868;1604089165.811753
1604089166.04899;1604089166.057456
1604089166.2992473;1604089166.3109415
1604089166.5496855;1604089166.5561543
1604089166.8000822;1604089166.8053226
1604089167.0503068;1604089167.0554762
