SENDTIME;RCVTIME
SUB;1604089152.7672834
SUBACK;1604089152.9748063
1604089159.5393143;1604089159.5510788
1604089159.7899528;1604089159.8142488
1604089160.040291;1604089160.0505846
1604089160.2905893;1604089160.3026524
1604089160.5409806;1604089160.5605319
1604089160.7913089;1604089160.8033593
1604089161.0416043;1604089161.0559351
1604089161.2919402;1604089161.2973607
1604089161.5422273;1604089161.5491085
1604089161.7927592;1604089161.7992759
1604089162.043161;1604089162.0524852
1604089162.2934544;1604089162.3108413
1604089162.543864;1604089162.5535214
1604089162.7942333;1604089162.8029938
1604089163.0446086;1604089163.0570068
1604089163.294985;1604089163.3072035
1604089163.5454507;1604089163.5629466
1604089163.7959363;1604089163.8089457
1604089164.0462127;1604089164.0565858
1604089164.2964554;1604089164.3074453
1604089164.5470073;1604089164.5564904
1604089164.7973979;1604089164.8064969
1604089165.0477586;1604089165.055383
1604089165.298132;1604089165.3116922
1604089165.5483167;1604089165.5554702
1604089165.79868;1604089165.8064003
1604089166.04899;1604089166.057723
1604089166.2992473;1604089166.3065307
1604089166.5496855;1604089166.5613697
1604089166.8000822;1604089166.808653
1604089167.0503068;1604089167.0569634
