SENDTIME;RCVTIME
SUB;1604089152.7137635
SUBACK;1604089152.9220748
1604089159.5393143;1604089159.5460124
1604089159.7899528;1604089159.7994215
1604089160.040291;1604089160.0475852
1604089160.2905893;1604089160.299305
1604089160.5409806;1604089160.5521796
1604089160.7913089;1604089160.7980337
1604089161.0416043;1604089161.049667
1604089161.2919402;1604089161.300631
1604089161.5422273;1604089161.547601
1604089161.7927592;1604089161.804392
1604089162.043161;1604089162.0523102
1604089162.2934544;1604089162.3013337
1604089162.543864;1604089162.5526893
1604089162.7942333;1604089162.8122265
1604089163.0446086;1604089163.0515187
1604089163.294985;1604089163.3103986
1604089163.5454507;1604089163.5608494
1604089163.7959363;1604089163.806754
1604089164.0462127;1604089164.0593777
1604089164.2964554;1604089164.302987
1604089164.5470073;1604089164.5530603
1604089164.7973979;1604089164.8022172
1604089165.0477586;1604089165.058834
1604089165.298132;1604089165.303368
1604089165.5483167;1604089165.5545385
1604089165.79868;1604089165.8079848
1604089166.04899;1604089166.059231
1604089166.2992473;1604089166.3062997
1604089166.5496855;1604089166.5549166
1604089166.8000822;1604089166.8132932
1604089167.0503068;1604089167.0549996
