SENDTIME;RCVTIME
SUB;1604089153.1008675
SUBACK;1604089153.30511
1604089159.5393143;1604089159.5460894
1604089159.7899528;1604089159.8073578
1604089160.040291;1604089160.0506294
1604089160.2905893;1604089160.2985454
1604089160.5409806;1604089160.5511549
1604089160.7913089;1604089160.8051624
1604089161.0416043;1604089161.0561268
1604089161.2919402;1604089161.2987692
1604089161.5422273;1604089161.546422
1604089161.7927592;1604089161.8085544
1604089162.043161;1604089162.049721
1604089162.2934544;1604089162.3055813
1604089162.543864;1604089162.561828
1604089162.7942333;1604089162.804607
1604089163.0446086;1604089163.053408
1604089163.294985;1604089163.3119097
1604089163.5454507;1604089163.5557327
1604089163.7959363;1604089163.802252
1604089164.0462127;1604089164.051782
1604089164.2964554;1604089164.3068113
1604089164.5470073;1604089164.5574574
1604089164.7973979;1604089164.8026495
1604089165.0477586;1604089165.0548182
1604089165.298132;1604089165.3033974
1604089165.5483167;1604089165.5591357
1604089165.79868;1604089165.8050458
1604089166.04899;1604089166.0567288
1604089166.2992473;1604089166.3100946
1604089166.5496855;1604089166.5573816
1604089166.8000822;1604089166.8099551
1604089167.0503068;1604089167.0610478
