SENDTIME;RCVTIME
SUB;1604089153.0407975
SUBACK;1604089153.246794
1604089159.5393143;1604089159.5528624
1604089159.7899528;1604089159.804083
1604089160.040291;1604089160.0467792
1604089160.2905893;1604089160.2979865
1604089160.5409806;1604089160.5513694
1604089160.7913089;1604089160.7976868
1604089161.0416043;1604089161.0473106
1604089161.2919402;1604089161.3009303
1604089161.5422273;1604089161.550065
1604089161.7927592;1604089161.8005056
1604089162.043161;1604089162.0552623
1604089162.2934544;1604089162.3025084
1604089162.543864;1604089162.547534
1604089162.7942333;1604089162.8017747
1604089163.0446086;1604089163.049892
1604089163.294985;1604089163.3078976
1604089163.5454507;1604089163.554923
1604089163.7959363;1604089163.8023784
1604089164.0462127;1604089164.0606842
1604089164.2964554;1604089164.3129094
1604089164.5470073;1604089164.5576198
1604089164.7973979;1604089164.8054168
1604089165.0477586;1604089165.0580528
1604089165.298132;1604089165.3033342
1604089165.5483167;1604089165.5555565
1604089165.79868;1604089165.8064275
1604089166.04899;1604089166.0566642
1604089166.2992473;1604089166.3134005
1604089166.5496855;1604089166.5552616
1604089166.8000822;1604089166.8091462
1604089167.0503068;1604089167.0608146
