SENDTIME;RCVTIME
SUB;1604089153.206616
SUBACK;1604089153.4152894
1604089159.5393143;1604089159.5566316
1604089159.7899528;1604089159.801082
1604089160.040291;1604089160.0480893
1604089160.2905893;1604089160.3078234
1604089160.5409806;1604089160.5514646
1604089160.7913089;1604089160.8069391
1604089161.0416043;1604089161.0483856
1604089161.2919402;1604089161.2970648
1604089161.5422273;1604089161.5631723
1604089161.7927592;1604089161.8043168
1604089162.043161;1604089162.0530138
1604089162.2934544;1604089162.2971401
1604089162.543864;1604089162.5501618
1604089162.7942333;1604089162.8063617
1604089163.0446086;1604089163.057705
1604089163.294985;1604089163.3040721
1604089163.5454507;1604089163.557009
1604089163.7959363;1604089163.804265
1604089164.0462127;1604089164.0528066
1604089164.2964554;1604089164.3048444
1604089164.5470073;1604089164.557665
1604089164.7973979;1604089164.8146174
1604089165.0477586;1604089165.0571084
1604089165.298132;1604089165.3042583
1604089165.5483167;1604089165.5579996
1604089165.79868;1604089165.8049586
1604089166.04899;1604089166.0539827
1604089166.2992473;1604089166.3078394
1604089166.5496855;1604089166.5597804
1604089166.8000822;1604089166.8196757
1604089167.0503068;1604089167.060934
