SENDTIME;RCVTIME
SUB;1604089152.9339702
SUBACK;1604089153.139364
1604089159.5393143;1604089159.5650744
1604089159.7899528;1604089159.8003478
1604089160.040291;1604089160.053465
1604089160.2905893;1604089160.2968452
1604089160.5409806;1604089160.551272
1604089160.7913089;1604089160.804997
1604089161.0416043;1604089161.0507321
1604089161.2919402;1604089161.2980294
1604089161.5422273;1604089161.551633
1604089161.7927592;1604089161.7989864
1604089162.043161;1604089162.0592325
1604089162.2934544;1604089162.2992394
1604089162.543864;1604089162.5538607
1604089162.7942333;1604089162.8035724
1604089163.0446086;1604089163.0534768
1604089163.294985;1604089163.307362
1604089163.5454507;1604089163.555466
1604089163.7959363;1604089163.8071587
1604089164.0462127;1604089164.0534585
1604089164.2964554;1604089164.306462
1604089164.5470073;1604089164.5688248
1604089164.7973979;1604089164.8092926
1604089165.0477586;1604089165.0535738
1604089165.298132;1604089165.31511
1604089165.5483167;1604089165.556713
1604089165.79868;1604089165.809535
1604089166.04899;1604089166.0648613
1604089166.2992473;1604089166.3115404
1604089166.5496855;1604089166.5579975
1604089166.8000822;1604089166.8102417
1604089167.0503068;1604089167.0587587
