SENDTIME;RCVTIME
SUB;1604089153.2221985
SUBACK;1604089153.427749
1604089159.5393143;1604089159.5614743
1604089159.7899528;1604089159.7993522
1604089160.040291;1604089160.0517094
1604089160.2905893;1604089160.3056524
1604089160.5409806;1604089160.5550976
1604089160.7913089;1604089160.8017845
1604089161.0416043;1604089161.0535686
1604089161.2919402;1604089161.2972229
1604089161.5422273;1604089161.54923
1604089161.7927592;1604089161.799143
1604089162.043161;1604089162.0520086
1604089162.2934544;1604089162.2995746
1604089162.543864;1604089162.5539963
1604089162.7942333;1604089162.8078187
1604089163.0446086;1604089163.0628698
1604089163.294985;1604089163.3012598
1604089163.5454507;1604089163.5558114
1604089163.7959363;1604089163.8020256
1604089164.0462127;1604089164.0543556
1604089164.2964554;1604089164.3000934
1604089164.5470073;1604089164.5541828
1604089164.7973979;1604089164.8077753
1604089165.0477586;1604089165.0638633
1604089165.298132;1604089165.3040197
1604089165.5483167;1604089165.5522313
1604089165.79868;1604089165.804638
1604089166.04899;1604089166.0568714
1604089166.2992473;1604089166.3067093
1604089166.5496855;1604089166.559566
1604089166.8000822;1604089166.808375
1604089167.0503068;1604089167.0587194
