SENDTIME;RCVTIME
SUB;1604089153.6111605
SUBACK;1604089153.8237133
1604089159.5393143;1604089159.5562165
1604089159.7899528;1604089159.8005147
1604089160.040291;1604089160.0474951
1604089160.2905893;1604089160.3138447
1604089160.5409806;1604089160.5627594
1604089160.7913089;1604089160.8130596
1604089161.0416043;1604089161.0472212
1604089161.2919402;1604089161.2995496
1604089161.5422273;1604089161.5517232
1604089161.7927592;1604089161.8055587
1604089162.043161;1604089162.0543334
1604089162.2934544;1604089162.2995143
1604089162.543864;1604089162.552602
1604089162.7942333;1604089162.8036075
1604089163.0446086;1604089163.0568886
1604089163.294985;1604089163.3075118
1604089163.5454507;1604089163.565279
1604089163.7959363;1604089163.8079634
1604089164.0462127;1604089164.0545924
1604089164.2964554;1604089164.3077264
1604089164.5470073;1604089164.5598562
1604089164.7973979;1604089164.802994
1604089165.0477586;1604089165.0561469
1604089165.298132;1604089165.312907
1604089165.5483167;1604089165.5551867
1604089165.79868;1604089165.8058176
1604089166.04899;1604089166.0546808
1604089166.2992473;1604089166.3068335
1604089166.5496855;1604089166.5577464
1604089166.8000822;1604089166.8119898
1604089167.0503068;1604089167.0677304
