SENDTIME;RCVTIME
SUB;1604089149.1286306
SUBACK;1604089149.3293226
1604089159.5393143;1604089159.5541694
1604089159.7899528;1604089159.7988248
1604089160.040291;1604089160.048227
1604089160.2905893;1604089160.305503
1604089160.5409806;1604089160.5513203
1604089160.7913089;1604089160.8003423
1604089161.0416043;1604089161.048761
1604089161.2919402;1604089161.2983825
1604089161.5422273;1604089161.547749
1604089161.7927592;1604089161.8041973
1604089162.043161;1604089162.0519407
1604089162.2934544;1604089162.3024166
1604089162.543864;1604089162.562
1604089162.7942333;1604089162.805781
1604089163.0446086;1604089163.050614
1604089163.294985;1604089163.3058965
1604089163.5454507;1604089163.5589726
1604089163.7959363;1604089163.808394
1604089164.0462127;1604089164.0572076
1604089164.2964554;1604089164.3048968
1604089164.5470073;1604089164.5516276
1604089164.7973979;1604089164.8038423
1604089165.0477586;1604089165.0533988
1604089165.298132;1604089165.306939
1604089165.5483167;1604089165.5536644
1604089165.79868;1604089165.8065524
1604089166.04899;1604089166.0550637
1604089166.2992473;1604089166.3047931
1604089166.5496855;1604089166.5558298
1604089166.8000822;1604089166.8176372
1604089167.0503068;1604089167.0549269
