SENDTIME;RCVTIME
SUB;1604089153.5980072
SUBACK;1604089153.802811
1604089159.5393143;1604089159.5543926
1604089159.7899528;1604089159.8195007
1604089160.040291;1604089160.052563
1604089160.2905893;1604089160.3120875
1604089160.5409806;1604089160.5520744
1604089160.7913089;1604089160.8024144
1604089161.0416043;1604089161.0501218
1604089161.2919402;1604089161.3004227
1604089161.5422273;1604089161.55015
1604089161.7927592;1604089161.8020403
1604089162.043161;1604089162.0527966
1604089162.2934544;1604089162.3016434
1604089162.543864;1604089162.5605752
1604089162.7942333;1604089162.8058662
1604089163.0446086;1604089163.0501535
1604089163.294985;1604089163.3067908
1604089163.5454507;1604089163.5533202
1604089163.7959363;1604089163.8033762
1604089164.0462127;1604089164.054937
1604089164.2964554;1604089164.3047528
1604089164.5470073;1604089164.5557594
1604089164.7973979;1604089164.810102
1604089165.0477586;1604089165.0559697
1604089165.298132;1604089165.3129783
1604089165.5483167;1604089165.5574307
1604089165.79868;1604089165.8120852
1604089166.04899;1604089166.0579922
1604089166.2992473;1604089166.3089073
1604089166.5496855;1604089166.5575886
1604089166.8000822;1604089166.8119478
1604089167.0503068;1604089167.0583827
