SENDTIME;RCVTIME
SUB;1604089153.9979525
SUBACK;1604089154.2072396
1604089159.5393143;1604089159.549939
1604089159.7899528;1604089159.7991476
1604089160.040291;1604089160.0473223
1604089160.2905893;1604089160.2980864
1604089160.5409806;1604089160.5506856
1604089160.7913089;1604089160.80545
1604089161.0416043;1604089161.0530086
1604089161.2919402;1604089161.2982388
1604089161.5422273;1604089161.549286
1604089161.7927592;1604089161.801683
1604089162.043161;1604089162.0494008
1604089162.2934544;1604089162.318329
1604089162.543864;1604089162.5512297
1604089162.7942333;1604089162.8008733
1604089163.0446086;1604089163.053062
1604089163.294985;1604089163.3068771
1604089163.5454507;1604089163.5562713
1604089163.7959363;1604089163.801837
1604089164.0462127;1604089164.059647
1604089164.2964554;1604089164.307318
1604089164.5470073;1604089164.5542283
1604089164.7973979;1604089164.8059971
1604089165.0477586;1604089165.0553472
1604089165.298132;1604089165.3133526
1604089165.5483167;1604089165.5537112
1604089165.79868;1604089165.8045936
1604089166.04899;1604089166.0547984
1604089166.2992473;1604089166.3095407
1604089166.5496855;1604089166.5573144
1604089166.8000822;1604089166.8081763
1604089167.0503068;1604089167.0575304
