SENDTIME;RCVTIME
SUB;1604089153.6485713
SUBACK;1604089153.8556235
1604089159.5393143;1604089159.5570314
1604089159.7899528;1604089159.8028479
1604089160.040291;1604089160.0513546
1604089160.2905893;1604089160.2976012
1604089160.5409806;1604089160.5498946
1604089160.7913089;1604089160.808118
1604089161.0416043;1604089161.051671
1604089161.2919402;1604089161.3007953
1604089161.5422273;1604089161.5509048
1604089161.7927592;1604089161.8057234
1604089162.043161;1604089162.052944
1604089162.2934544;1604089162.3077762
1604089162.543864;1604089162.5523398
1604089162.7942333;1604089162.8023148
1604089163.0446086;1604089163.0514114
1604089163.294985;1604089163.3016586
1604089163.5454507;1604089163.5585904
1604089163.7959363;1604089163.8095913
1604089164.0462127;1604089164.0574138
1604089164.2964554;1604089164.3071067
1604089164.5470073;1604089164.5546668
1604089164.7973979;1604089164.8122022
1604089165.0477586;1604089165.0574567
1604089165.298132;1604089165.3054893
1604089165.5483167;1604089165.563273
1604089165.79868;1604089165.80923
1604089166.04899;1604089166.0572078
1604089166.2992473;1604089166.3096058
1604089166.5496855;1604089166.5580432
1604089166.8000822;1604089166.8071752
1604089167.0503068;1604089167.0584135
