SENDTIME;RCVTIME
SUB;1604089153.7673144
SUB;1604089157.8100944
SUBACK;1604089158.0165377
1604089159.5393143;1604089159.54982
1604089159.7899528;1604089159.7990744
1604089160.040291;1604089160.0491757
1604089160.2905893;1604089160.3050513
1604089160.5409806;1604089160.5517554
1604089160.7913089;1604089160.8018918
1604089161.0416043;1604089161.0531895
1604089161.2919402;1604089161.2978697
1604089161.5422273;1604089161.549435
1604089161.7927592;1604089161.8031971
1604089162.043161;1604089162.0510287
1604089162.2934544;1604089162.2990227
1604089162.543864;1604089162.5555134
1604089162.7942333;1604089162.7994041
1604089163.0446086;1604089163.0513132
1604089163.294985;1604089163.3084192
1604089163.5454507;1604089163.557502
1604089163.7959363;1604089163.8024375
1604089164.0462127;1604089164.0569062
1604089164.2964554;1604089164.308112
1604089164.5470073;1604089164.556893
1604089164.7973979;1604089164.8139923
1604089165.0477586;1604089165.0560412
1604089165.298132;1604089165.3082643
1604089165.5483167;1604089165.5606377
1604089165.79868;1604089165.8088589
1604089166.04899;1604089166.0528023
1604089166.2992473;1604089166.3047478
1604089166.5496855;1604089166.5624542
1604089166.8000822;1604089166.8058953
1604089167.0503068;1604089167.0584872
