SENDTIME;RCVTIME
SUB;1604089153.9405262
SUBACK;1604089154.1466813
1604089159.5393143;1604089159.5500069
1604089159.7899528;1604089159.8012147
1604089160.040291;1604089160.0470228
1604089160.2905893;1604089160.3035617
1604089160.5409806;1604089160.5616817
1604089160.7913089;1604089160.7982144
1604089161.0416043;1604089161.0481985
1604089161.2919402;1604089161.2975364
1604089161.5422273;1604089161.5554788
1604089161.7927592;1604089161.7971444
1604089162.043161;1604089162.0481896
1604089162.2934544;1604089162.3040829
1604089162.543864;1604089162.554603
1604089162.7942333;1604089162.8006217
1604089163.0446086;1604089163.0621326
1604089163.294985;1604089163.3065841
1604089163.5454507;1604089163.55264
1604089163.7959363;1604089163.8033154
1604089164.0462127;1604089164.0545413
1604089164.2964554;1604089164.3031723
1604089164.5470073;1604089164.558363
1604089164.7973979;1604089164.8097296
1604089165.0477586;1604089165.053054
1604089165.298132;1604089165.3059418
1604089165.5483167;1604089165.5560203
1604089165.79868;1604089165.8105533
1604089166.04899;1604089166.0543363
1604089166.2992473;1604089166.3069406
1604089166.5496855;1604089166.5559459
1604089166.8000822;1604089166.8103192
1604089167.0503068;1604089167.0559378
